m_surge,m_lat,m_lon,m_depth
10.000,32.65694,-117.34916,0.0
10.000,32.71834,-117.38875,0.0
10.000,32.68417,-117.37426,0.0
10.000,32.68815,-117.35113,0.0

